;library_prep;external_donor_name;age_cat;sex;facs_population_plan;roi;age;ncell;mean.gc;mean.umi;mean.reads;full_genotype
1;L8TX_190327_01_B04;450087;adult;M;RFP-positive, DAPI-negative;CNU - PAL;56;1698;4206.122497;15229.64429;39205.947;"Snap25-IRES2-Cre/wt;Ai14(RCL-tdT)/wt"
2;L8TX_190327_01_C04;450087;adult;M;RFP-positive, DAPI-negative;CNU - PAL;56;1333;4290.510878;15711.36309;37151.57989;"Snap25-IRES2-Cre/wt;Ai14(RCL-tdT)/wt"
3;L8TX_190327_01_D04;450087;adult;M;RFP-positive, DAPI-negative;CNU - PAL;56;1696;4416.611439;15981.90979;60887.9145;"Snap25-IRES2-Cre/wt;Ai14(RCL-tdT)/wt"
4;L8TX_190327_01_E04;450087;adult;M;RFP-positive, DAPI-negative;CNU - PAL;56;1746;4572.064147;17590.96621;65683.91695;"Snap25-IRES2-Cre/wt;Ai14(RCL-tdT)/wt"
5;L8TX_190327_01_F04;450095;adult;F;RFP-positive, DAPI-negative;STR - sAMY;56;89;4889.044944;18521;50808.67416;"Snap25-IRES2-Cre/wt;Ai14(RCL-tdT)/wt"
6;L8TX_190327_01_G04;450095;adult;F;RFP-positive, DAPI-negative;STR - sAMY;56;642;4365.668224;15715.60748;57387.21028;"Snap25-IRES2-Cre/wt;Ai14(RCL-tdT)/wt"
7;L8TX_190509_01_A10;459495;adult;F;RFP-positive, DAPI-negative;CNU - PAL;56;1600;4815.94375;21055.90875;103587.6175;"Snap25-IRES2-Cre/wt;Ai14(RCL-tdT)/wt"
8;L8TX_190509_01_C09;459490;adult;M;RFP-positive, DAPI-negative;STR - sAMY;56;757;3993.966975;13176.85073;46319.56671;"Snap25-IRES2-Cre/wt;Ai14(RCL-tdT)/wt"
9;L8TX_190509_01_D09;459490;adult;M;RFP-positive, DAPI-negative;STR - sAMY;56;628;4219.582803;14951.04777;48509.06529;"Snap25-IRES2-Cre/wt;Ai14(RCL-tdT)/wt"
10;L8TX_190509_01_E09;459490;adult;M;RFP-positive, DAPI-negative;STR - sAMY;56;746;4130.301609;13944.67694;45350.81501;"Snap25-IRES2-Cre/wt;Ai14(RCL-tdT)/wt"
11;L8TX_190509_01_F09;459495;adult;F;RFP-positive, DAPI-negative;CNU - PAL;56;1296;4958.201389;22289.15895;108088.0826;"Snap25-IRES2-Cre/wt;Ai14(RCL-tdT)/wt"
12;L8TX_190509_01_G09;459495;adult;F;RFP-positive, DAPI-negative;CNU - PAL;56;1241;5026.493956;23104.73892;110613.4392;"Snap25-IRES2-Cre/wt;Ai14(RCL-tdT)/wt"
13;L8TX_190509_01_H09;459495;adult;F;RFP-positive, DAPI-negative;CNU - PAL;56;1403;4927.470421;22000.54098;104092.1882;"Snap25-IRES2-Cre/wt;Ai14(RCL-tdT)/wt"
14;L8TX_190531_01_A01;463943;adult;F;RFP-positive, DAPI-negative;STR - sAMY;56;464;4272.094828;15033.47198;41392.8556;"Snap25-IRES2-Cre/wt;Ai14(RCL-tdT)/wt"
15;L8TX_190531_01_A02;462434;adult;M;RFP-positive, DAPI-negative;STR - sAMY;69;424;3926.365566;12865.7217;43671.35142;"Snap25-IRES2-Cre/wt;Ai14(RCL-tdT)/wt"
16;L8TX_190531_01_B01;463943;adult;F;RFP-positive, DAPI-negative;STR - sAMY;56;562;4217.044484;13976.2331;34273.45018;"Snap25-IRES2-Cre/wt;Ai14(RCL-tdT)/wt"
17;L8TX_190531_01_B02;462434;adult;M;RFP-positive, DAPI-negative;STR - sAMY;69;511;4253.637965;15392.46575;51593.15851;"Snap25-IRES2-Cre/wt;Ai14(RCL-tdT)/wt"
18;L8TX_190531_01_C01;463942;adult;F;RFP-positive, DAPI-negative;CNU - PAL;56;1210;4599.035537;18690.89504;89643.27851;"Snap25-IRES2-Cre/wt;Ai14(RCL-tdT)/wt"
19;L8TX_190531_01_C02;462434;adult;M;RFP-positive, DAPI-negative;STR - sAMY;69;558;4096.345878;13891.42115;31104.33513;"Snap25-IRES2-Cre/wt;Ai14(RCL-tdT)/wt"
20;L8TX_190531_01_D01;463942;adult;F;RFP-positive, DAPI-negative;CNU - PAL;56;1205;4669.304564;19521.76929;79244.19834;"Snap25-IRES2-Cre/wt;Ai14(RCL-tdT)/wt"
21;L8TX_190531_01_E01;463942;adult;F;RFP-positive, DAPI-negative;CNU - PAL;56;1306;4413.730475;16925.16003;81190.20904;"Snap25-IRES2-Cre/wt;Ai14(RCL-tdT)/wt"
22;L8TX_190531_01_F01;463942;adult;F;RFP-positive, DAPI-negative;CNU - PAL;56;1484;4563.080189;18709.0903;80781.53706;"Snap25-IRES2-Cre/wt;Ai14(RCL-tdT)/wt"
23;L8TX_190531_01_G01;462433;adult;M;RFP-positive, DAPI-negative;CNU - PAL;69;754;5135.547745;22877.93103;75834.96817;"Snap25-IRES2-Cre/wt;Ai14(RCL-tdT)/wt"
24;L8TX_190531_01_H01;462434;adult;M;RFP-positive, DAPI-negative;STR - sAMY;69;505;4144.205941;14407.45149;38933.49505;"Snap25-IRES2-Cre/wt;Ai14(RCL-tdT)/wt"
25;L8TX_190614_01_A05;464754;adult;M;RFP-positive, DAPI-negative;MB - VTA-SN;67;3221;4907.233157;22773.43123;82978.86433;"Snap25-IRES2-Cre/wt;Ai14(RCL-tdT)/wt"
26;L8TX_190614_01_A06;464324;adult;M;RFP-positive, DAPI-negative;CNU - PAL;68;1641;4920.333943;21605.50945;83332.0713;"Snap25-IRES2-Cre/wt;Ai14(RCL-tdT)/wt"
27;L8TX_190614_01_A07;464328;adult;F;RFP-positive, DAPI-negative;MB - VTA-SN;69;2142;5413.940243;28352.31466;127430.0822;"Snap25-IRES2-Cre/wt;Ai14(RCL-tdT)/wt"
28;L8TX_190614_01_B06;464324;adult;M;RFP-positive, DAPI-negative;CNU - PAL;68;1797;4914.012243;21101.00612;70597.21925;"Snap25-IRES2-Cre/wt;Ai14(RCL-tdT)/wt"
29;L8TX_190614_01_C06;464324;adult;M;RFP-positive, DAPI-negative;CNU - PAL;68;1588;4970.933879;21871.7733;82838.74307;"Snap25-IRES2-Cre/wt;Ai14(RCL-tdT)/wt"
30;L8TX_190614_01_D06;464324;adult;M;RFP-positive, DAPI-negative;CNU - PAL;68;1531;4607.526453;18562.8341;64107.15872;"Snap25-IRES2-Cre/wt;Ai14(RCL-tdT)/wt"
31;L8TX_190614_01_E06;464327;adult;F;RFP-positive, DAPI-negative;CNU - PAL;68;1259;4064.643368;14476.6521;81566.50357;"Snap25-IRES2-Cre/wt;Ai14(RCL-tdT)/wt"
32;L8TX_190614_01_F06;464327;adult;F;RFP-positive, DAPI-negative;CNU - PAL;68;1315;4257.45019;16341.07757;90747.22814;"Snap25-IRES2-Cre/wt;Ai14(RCL-tdT)/wt"
33;L8TX_190614_01_G06;464327;adult;F;RFP-positive, DAPI-negative;CNU - PAL;68;1281;4217.928962;15779.08665;110216.7728;"Snap25-IRES2-Cre/wt;Ai14(RCL-tdT)/wt"
34;L8TX_190614_01_H06;464327;adult;F;RFP-positive, DAPI-negative;CNU - PAL;68;1006;4567.088469;18137.79423;151942.33;"Snap25-IRES2-Cre/wt;Ai14(RCL-tdT)/wt"
35;L8TX_190627_01_B03;469518;adult;F;RFP-positive, DAPI-negative;Mouse 10x STR - STRd;58;305;4888.511475;24260.80656;79826.18689;NA
36;L8TX_190627_01_C03;469518;adult;F;GFP-positive;Mouse 10x STR - STRd;58;339;4878.855457;24437.70501;72904.30383;NA
37;L8TX_190627_01_D02;468425;adult;M;RFP-positive;Mouse 10x STR - STRd;62;212;4950.429245;23925.84906;73882.33882;"Snap25-IRES2-Cre/wt;Ai14(RCL-tdT)/wt"
38;L8TX_190627_01_D03;469518;adult;F;GFP-positive;Mouse 10x STR - STRd;58;352;4699.127841;22026.01136;66135.18466;NA
39;L8TX_190627_01_E02;468425;adult;M;RFP-positive;Mouse 10x STR - STRd;62;190;5353.384211;28322.86842;78798.51599;"Snap25-IRES2-Cre/wt;Ai14(RCL-tdT)/wt"
40;L8TX_190627_01_F02;468425;adult;M;RFP-positive;Mouse 10x STR - STRd;62;230;4808.66087;22189.39565;64774.28695;"Snap25-IRES2-Cre/wt;Ai14(RCL-tdT)/wt"
41;L8TX_190716_01_A08;469515;adult;M;RFP-positive, DAPI-negative;STR - STRv;64;1710;6461.510526;34109.14971;209585.0439;"Snap25-IRES2-Cre/wt;Ai14(RCL-tdT)/wt"
42;L8TX_190716_01_B07;469515;adult;M;RFP-positive, DAPI-negative;STR - STRv;64;2577;6185.513776;29793.49631;109706.4505;"Snap25-IRES2-Cre/wt;Ai14(RCL-tdT)/wt"
43;L8TX_190716_01_C07;473084;adult;F;RFP-positive, DAPI-negative;STR - STRv;68;1252;6152.18131;30080.84105;118714.857;"Snap25-IRES2-Cre/wt;Ai14(RCL-tdT)/wt"
44;L8TX_190716_01_D07;473084;adult;F;RFP-positive, DAPI-negative;STR - STRv;68;2781;5856.812657;26664.6735;91451.5703;"Snap25-IRES2-Cre/wt;Ai14(RCL-tdT)/wt"
45;L8TX_190716_01_G07;473084;adult;F;RFP-positive, DAPI-negative;STR - STRv;68;2828;6115.159477;29405.18388;103035.8133;"Snap25-IRES2-Cre/wt;Ai14(RCL-tdT)/wt"
46;L8TX_190716_01_H07;469515;adult;M;RFP-positive, DAPI-negative;STR - STRv;64;2564;5964.782371;28048.461;138364.6993;"Snap25-IRES2-Cre/wt;Ai14(RCL-tdT)/wt"
47;L8TX_190725_01_A09;473981;adult;M;RFP-positive, DAPI-negative;MB - PAG-RAmb;63;2819;5786.855623;23664.64455;79802.49876;"Snap25-IRES2-Cre/wt;Ai14(RCL-tdT)/wt"
48;L8TX_190725_01_B09;473981;adult;M;RFP-positive, DAPI-negative;MB - PAG-RAmb;63;3023;5807.848495;23813.96295;70716.78862;"Snap25-IRES2-Cre/wt;Ai14(RCL-tdT)/wt"
49;L8TX_190725_01_C09;473981;adult;M;RFP-positive, DAPI-negative;MB - PAG-RAmb;63;2888;6046.938366;26123.60942;92709.91932;"Snap25-IRES2-Cre/wt;Ai14(RCL-tdT)/wt"
50;L8TX_190725_01_D09;473981;adult;M;RFP-positive, DAPI-negative;MB - PAG-RAmb;63;3187;6060.761531;25854.83213;75628.08535;"Snap25-IRES2-Cre/wt;Ai14(RCL-tdT)/wt"
51;L8TX_190822_01_A11;482568;adult;F;RFP-positive, DAPI-negative;MB - PAG-RAmb;56;4407;6450.824143;29005.34763;76717.57976;"Snap25-IRES2-Cre/wt;Ai14(RCL-tdT)/wt"
52;L8TX_190822_01_G10;482568;adult;F;RFP-positive, DAPI-negative;MB - PAG-RAmb;56;3377;6356.20077;29485.09594;90399.61119;"Snap25-IRES2-Cre/wt;Ai14(RCL-tdT)/wt"
53;L8TX_190822_01_H10;482568;adult;F;RFP-positive, DAPI-negative;MB - PAG-RAmb;56;3747;6425.805444;29537.6309;83461.97491;"Snap25-IRES2-Cre/wt;Ai14(RCL-tdT)/wt"
54;L8TX_191003_01_D04;489429;adult;F;RFP-positive, DAPI-negative;PONS - Pmot-Psat ant;53;4278;4495.278635;18015.21155;59832.98621;"Snap25-IRES2-Cre/wt;Ai14(RCL-tdT)/wt"
55;L8TX_191015_01_D06;490936;adult;M;RFP-positive, DAPI-negative;PONS - Pmot-Psat post;56;5014;5560.475269;22848.87615;109009.7916;"Snap25-IRES2-Cre/wt;Ai14(RCL-tdT)/wt"
56;L8TX_191015_01_E06;492080;adult;F;RFP-positive, DAPI-negative;PONS - Pmot-Psat post;56;5143;5644.266576;23528.41591;94239.44721;"Snap25-IRES2-Cre/wt;Ai14(RCL-tdT)/wt"
57;L8TX_191217_01_A05;499298;adult;F;RFP-positive, DAPI-negative;MB - PAG-RAmb;67;4227;6298.249823;27760.75633;113503.3213;"Snap25-IRES2-Cre/wt;Ai14(RCL-tdT)/wt"
58;L8TX_191217_01_B05;499298;adult;F;RFP-positive, DAPI-negative;MB - PAG-RAmb;67;4631;6332.242496;27742.67027;103746.8808;"Snap25-IRES2-Cre/wt;Ai14(RCL-tdT)/wt"
59;L8TX_191217_01_H04;499298;adult;F;RFP-positive, DAPI-negative;MB - PAG-RAmb;67;4612;6021.761275;25078.78187;92324.5167;"Snap25-IRES2-Cre/wt;Ai14(RCL-tdT)/wt"
60;L8TX_200106_01_C08;500027;adult;M;RFP-positive, DAPI-negative;PONS - Pmot-Psat ant;67;3954;4437.751138;17726.93475;94896.56778;"Snap25-IRES2-Cre/wt;Ai14(RCL-tdT)/wt"
61;L8TX_200114_01_C12;504230;adult;M;RFP-positive, DAPI-negative;MB - VTA-SN;63;2205;6004.194104;32307.64399;134356.5637;"Snap25-IRES2-Cre/wt;Ai14(RCL-tdT)/wt"
62;L8TX_200122_01_F12;504535;adult;F;RFP-positive, DAPI-negative;MB - VTA-SN;67;2036;5676.39833;28667.41208;101654.4023;"Snap25-IRES2-Cre/wt;Ai14(RCL-tdT)/wt"
63;L8TX_200130_01_D01;506920;adult;M;RFP-positive, DAPI-negative;MB - PAG-RAmb;59;4478;6316.968513;26846.5929;63177.78919;"Snap25-IRES2-Cre/wt;Ai14(RCL-tdT)/wt"
64;L8TX_200130_01_F01;506920;adult;M;RFP-positive, DAPI-negative;MB - PAG-RAmb;59;4090;6095.586308;25019.54817;65358.50782;"Snap25-IRES2-Cre/wt;Ai14(RCL-tdT)/wt"
65;L8TX_200130_01_G01;506920;adult;M;RFP-positive, DAPI-negative;MB - PAG-RAmb;59;3881;6319.795156;27490.52126;92794.95774;"Snap25-IRES2-Cre/wt;Ai14(RCL-tdT)/wt"
66;L8TX_200702_01_A01;443008;aged;F;RFP-positive, DAPI-negative;ACA;549;5837;6184.27754;27946.87168;51115.20747;"Snap25-IRES2-Cre/wt;Ai14(RCL-tdT)/wt"
67;L8TX_200702_01_B01;443008;aged;F;RFP-positive, DAPI-negative;ACA;549;5454;6806.913091;35063.09333;74257.34782;"Snap25-IRES2-Cre/wt;Ai14(RCL-tdT)/wt"
68;L8TX_200702_01_C01;443008;aged;F;RFP-positive, DAPI-negative;STR - STRv;549;2463;5901.373122;25574.47219;92780.01746;"Snap25-IRES2-Cre/wt;Ai14(RCL-tdT)/wt"
69;L8TX_200702_01_D01;443008;aged;F;RFP-positive, DAPI-negative;STR - STRv;549;2368;5798.345439;24450.78378;80175.34586;"Snap25-IRES2-Cre/wt;Ai14(RCL-tdT)/wt"
70;L8TX_200723_01_A09;452095;aged;F;RFP-positive, DAPI-negative;PAR-POST-PRE-SUB-ProS;540;6178;5969.240207;24726.65733;43789.77436;"Snap25-IRES2-Cre/wt;Ai14(RCL-tdT)/wt"
71;L8TX_200723_01_B09;452096;aged;F;RFP-positive, DAPI-negative;RSP;540;5495;5558.348317;21466.89172;41731.72939;"Snap25-IRES2-Cre/wt;Ai14(RCL-tdT)/wt"
72;L8TX_200723_01_B10;452095;aged;F;Calcein-positive, Hoechst-positive;PAR-POST-PRE-SUB-ProS;540;5683;5323.790604;22444.98469;48851.877;"Snap25-IRES2-Cre/wt;Ai14(RCL-tdT)/wt"
73;L8TX_200723_01_B12;452096;aged;F;Calcein-positive, Hoechst-positive;RSP;540;4676;3989.867836;14236.40954;61663.44739;"Snap25-IRES2-Cre/wt;Ai14(RCL-tdT)/wt"
74;L8TX_200723_01_C09;452096;aged;F;RFP-positive, DAPI-negative;ENT;540;4531;6006.521077;25880.62856;47078.04988;"Snap25-IRES2-Cre/wt;Ai14(RCL-tdT)/wt"
75;L8TX_200723_01_C10;452095;aged;F;RFP-positive, DAPI-negative;PONS - Pmot-Psat ant;540;4240;4798.639858;19766.22476;77645.44717;"Snap25-IRES2-Cre/wt;Ai14(RCL-tdT)/wt"
76;L8TX_200723_01_D10;452095;aged;F;Calcein-positive, Hoechst-positive;PONS - Pmot-Psat ant;540;6962;3589.302499;11657.59523;38688.45633;"Snap25-IRES2-Cre/wt;Ai14(RCL-tdT)/wt"
77;L8TX_200723_01_E11;452096;aged;F;Calcein-positive, Hoechst-positive;ENT;540;1372;3359.18586;9269.46137;29579.68222;"Snap25-IRES2-Cre/wt;Ai14(RCL-tdT)/wt"
78;L8TX_200730_01_B03;451986;aged;F;Calcein-positive, Hoechst-positive;HIP - CA;540;3781;3544.65406;10300.56176;69160.77175;"Snap25-IRES2-Cre/wt;Ai14(RCL-tdT)/wt"
79;L8TX_200730_01_C02;450091;aged;F;No FACS;ACA;547;7504;5404.149254;26533.34115;70487.3838;Ai14(RCL-tdT)/wt
80;L8TX_200730_01_C03;451986;aged;F;Calcein-positive, Hoechst-positive;MB - VTA-SN;540;4676;3406.442472;9956.649914;70200.14607;"Snap25-IRES2-Cre/wt;Ai14(RCL-tdT)/wt"
81;L8TX_200730_01_D02;450091;aged;F;No FACS;STR - STRv;547;4888;4758.637684;18965.6829;80175.38462;Ai14(RCL-tdT)/wt
82;L8TX_200730_01_E02;450091;aged;F;Calcein-positive, Hoechst-positive;ACA;547;5687;5633.865659;28676.92562;92951.63285;Ai14(RCL-tdT)/wt
83;L8TX_200730_01_G12;451986;aged;F;RFP-positive, DAPI-negative;HIP - CA;540;4193;6815.39709;34050.8984;62923.49893;"Snap25-IRES2-Cre/wt;Ai14(RCL-tdT)/wt"
84;L8TX_200730_01_H02;450091;aged;F;Calcein-positive, Hoechst-positive;STR - STRv;547;5491;4409.098889;15947.27172;71743.09488;Ai14(RCL-tdT)/wt
85;L8TX_200810_01_A05;452710;aged;M;RFP-positive, Calcein-positive, Hoechst-positive;ENT;543;3661;7414.156241;44604.43349;113402.091;"Snap25-IRES2-Cre/wt;Ai14(RCL-tdT)/wt"
86;L8TX_200810_01_A08;452712;aged;M;Calcein-positive, Hoechst-positive;ACA;542;5888;3732.330503;13368.75272;84658.88672;"Snap25-IRES2-Cre/wt;Ai14(RCL-tdT)/wt"
87;L8TX_200810_01_B05;452716;aged;F;RFP-positive, DAPI-negative;HY -  MEZ-PVZ-PVR;543;2140;6992.046729;33554.51449;108603.1262;"Snap25-IRES2-Cre/wt;Ai14(RCL-tdT)/wt"
88;L8TX_200810_01_B06;452714;aged;M;Calcein-positive, Hoechst-positive;ACA;542;5498;6025.013641;30955.83176;94201.10895;Ai14(RCL-tdT)/wt
89;L8TX_200810_01_C06;452714;aged;M;Calcein-positive, Hoechst-positive;STR - STRv;542;4425;5355.677966;23408.7887;74642.24407;Ai14(RCL-tdT)/wt
90;L8TX_200810_01_D04;452712;aged;M;RFP-positive, DAPI-negative;ACA;542;5045;6061.000198;25689.61288;46853.43667;"Snap25-IRES2-Cre/wt;Ai14(RCL-tdT)/wt"
91;L8TX_200810_01_D06;452710;aged;M;Calcein-positive, Hoechst-positive;RSP;543;6021;4594.433151;18837.03305;86852.14649;"Snap25-IRES2-Cre/wt;Ai14(RCL-tdT)/wt"
92;L8TX_200810_01_E04;452711;aged;M;RFP-positive, Calcein-positive, Hoechst-positive;PL-ILA-ORB;542;7088;6587.833804;30536.64729;59700.67791;"Snap25-IRES2-Cre/wt;Ai14(RCL-tdT)/wt"
93;L8TX_200810_01_E05;452710;aged;M;RFP-positive, Calcein-positive, Hoechst-positive;RSP;543;5585;6360.736974;29899.24673;80999.94879;"Snap25-IRES2-Cre/wt;Ai14(RCL-tdT)/wt"
94;L8TX_200810_01_E06;452712;aged;M;RFP-positive, DAPI-negative;STR - STRv;542;2073;6141.602991;28071.69416;79818.1563;"Snap25-IRES2-Cre/wt;Ai14(RCL-tdT)/wt"
95;L8TX_200810_01_F04;452711;aged;M;RFP-positive, Calcein-positive, Hoechst-positive;AI-CLA;542;4590;6564.486928;31346.91438;62286.05882;"Snap25-IRES2-Cre/wt;Ai14(RCL-tdT)/wt"
96;L8TX_200810_01_F05;452711;aged;M;Calcein-positive, Hoechst-positive;PL-ILA-ORB;542;5367;4427.177567;18615.29048;94180.77883;"Snap25-IRES2-Cre/wt;Ai14(RCL-tdT)/wt"
97;L8TX_200810_01_F06;452712;aged;M;Calcein-positive, Hoechst-positive;STR - STRv;542;5920;3964.235811;13587.43378;43235.60034;"Snap25-IRES2-Cre/wt;Ai14(RCL-tdT)/wt"
98;L8TX_200810_01_G04;452714;aged;M;No FACS;ACA;542;6453;5632.107237;28122.55044;84194.88114;Ai14(RCL-tdT)/wt
99;L8TX_200810_01_G06;452716;aged;F;RFP-positive, DAPI-negative;STR - sAMY;543;496;4797.772177;17141.73185;82543.99798;"Snap25-IRES2-Cre/wt;Ai14(RCL-tdT)/wt"
100;L8TX_200810_01_G07;452711;aged;M;Calcein-positive, Hoechst-positive;AI-CLA;542;8536;3644.5362;11749.59396;94482.99543;"Snap25-IRES2-Cre/wt;Ai14(RCL-tdT)/wt"
101;L8TX_200810_01_H04;452714;aged;M;No FACS;STR - STRv;542;4770;5271.924319;22386.59078;75744.84864;Ai14(RCL-tdT)/wt
102;L8TX_200810_01_H06;452716;aged;F;Calcein-positive, Hoechst-positive;HY -  MEZ-PVZ-PVR;543;6387;3640.638954;10765.42774;86301.82981;"Snap25-IRES2-Cre/wt;Ai14(RCL-tdT)/wt"
103;L8TX_200810_01_H07;452710;aged;M;Calcein-positive, Hoechst-positive;ENT;543;7324;4049.546286;15687.14268;72615.05762;"Snap25-IRES2-Cre/wt;Ai14(RCL-tdT)/wt"
104;L8TX_200813_01_A11;454398;aged;M;Calcein-positive, Hoechst-positive;STR - STRd;543;5101;3172.454225;8407.265438;28917.85023;"Snap25-IRES2-Cre/wt;Ai14(RCL-tdT)/wt"
105;L8TX_200813_01_A12;452709;aged;M;Calcein-positive, Hoechst-positive;PONS - Pmot-Psat ant;550;6629;3465.366269;10118.53341;87758.11193;"Snap25-IRES2-Cre/wt;Ai14(RCL-tdT)/wt"
106;L8TX_200813_01_B09;452717;aged;F;Calcein-positive, Hoechst-positive;PL-ILA-ORB;549;6738;5538.665628;28238.65242;88218.17335;Ai14(RCL-tdT)/wt
107;L8TX_200813_01_B12;454398;aged;M;Calcein-positive, Hoechst-positive;CNU - PAL;543;5871;3087.690853;8473.65287;76364.76205;"Snap25-IRES2-Cre/wt;Ai14(RCL-tdT)/wt"
108;L8TX_200813_01_C09;452717;aged;F;No FACS;PL-ILA-ORB;549;6270;5214.132376;24697.71356;80720.43573;Ai14(RCL-tdT)/wt
109;L8TX_200813_01_D09;452717;aged;F;Calcein-positive, Hoechst-positive;AI-CLA;549;5262;5115.477195;24148.88997;59325.96066;Ai14(RCL-tdT)/wt
110;L8TX_200813_01_E09;453388;aged;M;Calcein-positive, Hoechst-positive;PL-ILA-ORB;546;5694;5862.520021;29972.2046;83913.80822;Ai14(RCL-tdT)/wt
111;L8TX_200813_01_E11;452709;aged;M;RFP-positive, DAPI-negative;PAR-POST-PRE-SUB-ProS;550;5956;6279.721289;29051.0638;72762.80759;"Snap25-IRES2-Cre/wt;Ai14(RCL-tdT)/wt"
112;L8TX_200813_01_F08;452717;aged;F;No FACS;AI-CLA;549;11028;4383.043979;16670.38148;32649.71309;Ai14(RCL-tdT)/wt
113;L8TX_200813_01_F09;453388;aged;M;Calcein-positive, Hoechst-positive;AI-CLA;546;5292;5645.508692;28524.32124;74596.92668;Ai14(RCL-tdT)/wt
114;L8TX_200813_01_F11;452709;aged;M;RFP-positive, DAPI-negative;PONS - Pmot-Psat ant;550;3498;5817.985992;24268.89222;60255.95597;"Snap25-IRES2-Cre/wt;Ai14(RCL-tdT)/wt"
115;L8TX_200813_01_G08;453388;aged;M;No FACS;PL-ILA-ORB;546;8743;4931.686606;20421.65584;40686.60586;Ai14(RCL-tdT)/wt
116;L8TX_200813_01_G09;454398;aged;M;RFP-positive, DAPI-negative;STR - STRd;543;447;4444.85906;16741.18568;38030.61074;"Snap25-IRES2-Cre/wt;Ai14(RCL-tdT)/wt"
117;L8TX_200813_01_G10;536274;adult;F;Calcein-positive, Hoechst-positive;HY -  MEZ-PVZ-PVR;66;93;3566.107527;8420.698925;22075.46237;"Snap25-IRES2-Cre/wt;Ai14(RCL-tdT)/wt"
118;L8TX_200813_01_H08;453388;aged;M;No FACS;AI-CLA;546;7551;5109.55582;23786.52549;64935.54112;Ai14(RCL-tdT)/wt
119;L8TX_200813_01_H10;454398;aged;M;RFP-positive, DAPI-negative;CNU - PAL;543;1902;4906.352787;18109.57886;51803.59832;"Snap25-IRES2-Cre/wt;Ai14(RCL-tdT)/wt"
120;L8TX_200813_01_H11;452709;aged;M;Calcein-positive, Hoechst-positive;PAR-POST-PRE-SUB-ProS;550;6360;3989.056132;14850.22909;74628.33742;"Snap25-IRES2-Cre/wt;Ai14(RCL-tdT)/wt"
121;L8TX_200820_01_A02;454396;aged;M;Calcein-positive, Hoechst-positive;RSP;550;5656;4978.139321;19835.42221;42628.43317;Ai14(RCL-tdT)/wt
122;L8TX_200820_01_B01;454396;aged;M;Calcein-positive, Hoechst-positive;ENT;550;5914;4355.155901;16559.12479;25883.21238;Ai14(RCL-tdT)/wt
123;L8TX_200820_01_D03;455014;aged;F;Calcein-positive, Hoechst-positive;RSP;546;6718;4145.370497;14666.36841;79359.05671;"Snap25-IRES2-Cre/wt;Ai14(RCL-tdT)/wt"
124;L8TX_200820_01_D12;454399;aged;F;RFP-positive, DAPI-negative;MB - PAG-RAmb;549;6273;5952.403475;23503.56592;79738.34625;"Snap25-IRES2-Cre/wt;Ai14(RCL-tdT)/wt"
125;L8TX_200820_01_E01;454396;aged;M;No FACS;RSP;550;6051;4870.384399;20107.83193;50455.79855;Ai14(RCL-tdT)/wt
126;L8TX_200820_01_E03;454399;aged;F;RFP-positive, DAPI-negative;PONS - Pmot-Psat post;549;6547;4961.179319;18595.74217;67215.34061;"Snap25-IRES2-Cre/wt;Ai14(RCL-tdT)/wt"
127;L8TX_200820_01_E12;455012;aged;F;Calcein-positive, Hoechst-positive;PONS - Pmot-Psat ant;547;7028;3679.542544;12410.73492;74498.42131;Ai14(RCL-tdT)/wt
128;L8TX_200820_01_F01;454396;aged;M;No FACS;ENT;550;9340;4510.546039;17990.86627;36203.25675;Ai14(RCL-tdT)/wt
129;L8TX_200820_01_F02;538745;adult;F;No FACS;STR - sAMY;57;2909;3437.905466;10406.95737;30952.87487;"Snap25-IRES2-Cre/wt;Ai14(RCL-tdT)/wt"
130;L8TX_200820_01_F03;538745;adult;F;Calcein-positive, Hoechst-positive;STR - sAMY;57;6673;3465.910385;10023.80444;47004.43234;"Snap25-IRES2-Cre/wt;Ai14(RCL-tdT)/wt"
131;L8TX_200820_01_F08;454399;aged;F;Calcein-positive, Hoechst-positive;PONS - Pmot-Psat post;549;4631;3555.254589;11368.38609;107512.7355;"Snap25-IRES2-Cre/wt;Ai14(RCL-tdT)/wt"
132;L8TX_200820_01_G01;455014;aged;F;RFP-positive, DAPI-negative;RSP;546;4971;6177.401328;27107.93885;66407.71676;"Snap25-IRES2-Cre/wt;Ai14(RCL-tdT)/wt"
133;L8TX_200820_01_G02;455014;aged;F;Calcein-positive, Hoechst-positive;ENT;546;8067;3776.678443;12813.35081;42818.14838;"Snap25-IRES2-Cre/wt;Ai14(RCL-tdT)/wt"
134;L8TX_200820_01_G03;538745;adult;F;Calcein-positive, Hoechst-positive;HY -  MEZ-PVZ-PVR;57;7545;4589.985421;17645.55083;60571.90086;"Snap25-IRES2-Cre/wt;Ai14(RCL-tdT)/wt"
135;L8TX_200820_01_G12;454399;aged;F;Calcein-positive, Hoechst-positive;MB - PAG-RAmb;549;9219;3063.041436;8143.443757;59440.85259;"Snap25-IRES2-Cre/wt;Ai14(RCL-tdT)/wt"
136;L8TX_200820_01_H01;538745;adult;F;RFP-positive, DAPI-negative;STR - sAMY;57;470;4410.538298;15458.11277;30794.05957;"Snap25-IRES2-Cre/wt;Ai14(RCL-tdT)/wt"
137;L8TX_200820_01_H02;455012;aged;F;Calcein-positive, Hoechst-positive;PAR-POST-PRE-SUB-ProS;547;6617;4775.032492;19565.59589;54502.71271;Ai14(RCL-tdT)/wt
138;L8TX_200820_01_H12;455012;aged;F;No FACS;PONS - Pmot-Psat ant;547;3961;3789.760162;13182.45771;144652.5829;Ai14(RCL-tdT)/wt
139;L8TX_200827_01_A09;540565;adult;M;RFP-positive, DAPI-negative;STR - sAMY;54;855;4181.755556;12921.57427;22026.74503;"Snap25-IRES2-Cre/wt;Ai14(RCL-tdT)/wt"
140;L8TX_200827_01_A10;455011;aged;F;RFP-positive, Calcein-positive, Hoechst-positive;CNU - PAL;553;1804;5142.796563;20547.24723;92082.13858;"Snap25-IRES2-Cre/wt;Ai14(RCL-tdT)/wt"
141;L8TX_200827_01_B10;455011;aged;F;RFP-positive, Calcein-positive, Hoechst-positive;STR - STRd;553;322;5081.664596;22490.07143;69569.34472;"Snap25-IRES2-Cre/wt;Ai14(RCL-tdT)/wt"
142;L8TX_200827_01_D10;455011;aged;F;Calcein-positive, Hoechst-positive;CNU - PAL;553;5406;3552.934517;10789.08935;108594.9898;"Snap25-IRES2-Cre/wt;Ai14(RCL-tdT)/wt"
143;L8TX_200827_01_F10;455011;aged;F;Calcein-positive, Hoechst-positive;STR - STRd;553;4103;3693.502559;11014.54302;50700.43846;"Snap25-IRES2-Cre/wt;Ai14(RCL-tdT)/wt"
144;L8TX_200827_01_G09;539606;adult;M;Calcein-positive, Hoechst-positive;HY -  MEZ-PVZ-PVR;59;141;3876.957447;9508.531915;26093.96454;"Snap25-IRES2-Cre/wt;Ai14(RCL-tdT)/wt"
145;L8TX_200827_01_H09;455010;aged;F;RFP-positive, DAPI-negative;HIP - CA;553;4483;6549.05822;34296.45639;84107.57439;"Snap25-IRES2-Cre/wt;Ai14(RCL-tdT)/wt"
146;L8TX_200831_01_H10;540565;adult;M;Calcein-positive, Hoechst-positive;STR - sAMY;54;7388;3479.016784;10031.58527;61425.46819;"Snap25-IRES2-Cre/wt;Ai14(RCL-tdT)/wt"
147;L8TX_200903_01_A12;540230;adult;F;RFP-positive;HY - HYpm;64;5;4990;13764;37493.8;"Snap25-IRES2-Cre/wt;Ai14(RCL-tdT)/wt"
148;L8TX_200903_01_B12;540565;adult;M;No FACS;STR - sAMY;54;4352;3735.303998;11103.31824;35186.53929;"Snap25-IRES2-Cre/wt;Ai14(RCL-tdT)/wt"
149;L8TX_200903_01_C01;539609;adult;F;RFP-positive;HY - HYmm;65;16;5139.25;16440.5625;42913.8125;"Snap25-IRES2-Cre/wt;Ai14(RCL-tdT)/wt"
150;L8TX_200903_01_C12;540566;adult;F;Calcein-positive, Hoechst-positive;STR - STRv;61;3550;5436.454085;25285.02141;106893.2186;"Snap25-IRES2-Cre/wt;Ai14(RCL-tdT)/wt"
151;L8TX_200903_01_F11;540566;adult;F;Calcein-positive, Hoechst-positive;ACA;61;6219;5896.232674;31318.16048;78982.47194;"Snap25-IRES2-Cre/wt;Ai14(RCL-tdT)/wt"
152;L8TX_200903_01_H11;540230;adult;F;RFP-positive;HY - HYa2;64;1;3438;6646;18734;"Snap25-IRES2-Cre/wt;Ai14(RCL-tdT)/wt"
153;L8TX_200909_01_F01;459918;aged;F;RFP-positive, DAPI-negative;ENT;544;3766;7109.801381;38408.74827;87181.51753;"Snap25-IRES2-Cre/wt;Ai14(RCL-tdT)/wt"
154;L8TX_200909_01_G01;459919;aged;F;Calcein-positive, Hoechst-positive;HIP - CA;544;5461;4818.754257;21833.39791;78285.55924;Ai14(RCL-tdT)/wt
155;L8TX_200910_01_E03;459919;aged;F;Calcein-positive, Hoechst-positive;MB - VTA-SN;544;6349;3595.513939;12388.62136;112196.8427;Ai14(RCL-tdT)/wt
156;L8TX_200910_01_F02;459918;aged;F;RFP-positive, DAPI-negative;MB - VTA-SN;544;2193;4943.940264;21849.37893;77450.7948;"Snap25-IRES2-Cre/wt;Ai14(RCL-tdT)/wt"
157;L8TX_200910_01_G02;459918;aged;F;Calcein-positive, Hoechst-positive;ENT;544;5645;3841.221612;11413.71639;83420.40248;"Snap25-IRES2-Cre/wt;Ai14(RCL-tdT)/wt"
158;L8TX_200924_01_A05;463232;aged;M;RFP-positive, Calcein-positive, Hoechst-positive;CNU - PAL;541;1455;4469.865292;15874.56564;53941.58625;"Snap25-IRES2-Cre/wt;Ai14(RCL-tdT)/wt"
159;L8TX_200924_01_A06;463235;aged;M;RFP-positive, Calcein-positive, Hoechst-positive;PONS - Pmot-Psat ant;541;3123;5357.6878;22653.93884;96081.22318;"Snap25-IRES2-Cre/wt;Ai14(RCL-tdT)/wt"
160;L8TX_200924_01_B06;463235;aged;M;Calcein-positive, Hoechst-positive;PONS - Pmot-Psat ant;541;8282;3191.990823;9218.514972;75894.92405;"Snap25-IRES2-Cre/wt;Ai14(RCL-tdT)/wt"
161;L8TX_200924_01_C06;463232;aged;M;Calcein-positive, Hoechst-positive;CNU - PAL;541;5196;3359.826982;10072.96016;133279.1928;"Snap25-IRES2-Cre/wt;Ai14(RCL-tdT)/wt"
162;L8TX_200924_01_D05;463235;aged;M;RFP-positive, DAPI-negative;PAR-POST-PRE-SUB-ProS;541;4410;6521.441043;32774.28889;111064.1469;"Snap25-IRES2-Cre/wt;Ai14(RCL-tdT)/wt"
163;L8TX_200924_01_E05;463232;aged;M;Calcein-positive, Hoechst-positive;STR - STRd;541;5046;3061.09453;8428.651209;47706.21344;"Snap25-IRES2-Cre/wt;Ai14(RCL-tdT)/wt"
164;L8TX_200924_01_F05;544400;adult;F;Calcein-positive, Hoechst-positive;CNU - PAL;58;6476;3300.849907;9927.611334;44596.92634;"Snap25-IRES2-Cre/wt;Ai14(RCL-tdT)/wt"
165;L8TX_200924_01_G05;544400;adult;F;Calcein-positive, Hoechst-positive;STR - STRd;58;3382;3347.055588;10036.10822;34669.13897;"Snap25-IRES2-Cre/wt;Ai14(RCL-tdT)/wt"
166;L8TX_200924_01_H05;463235;aged;M;Calcein-positive, Hoechst-positive;PAR-POST-PRE-SUB-ProS;541;5102;3959.461584;14466.16621;86525.26068;"Snap25-IRES2-Cre/wt;Ai14(RCL-tdT)/wt"
167;L8TX_201001_01_A08;463230;aged;M;Calcein-positive, Hoechst-positive;MB - VTA-SN;549;9165;3521.693835;11079.40775;78860.74043;Ai14(RCL-tdT)/wt
168;L8TX_201001_01_A09;464759;aged;F;RFP-positive, Calcein-positive, Hoechst-positive;STR - sAMY;541;913;4250.125958;13467.23111;34230.25301;"Snap25-IRES2-Cre/wt;Ai14(RCL-tdT)/wt"
169;L8TX_201001_01_B08;463229;aged;M;RFP-positive, DAPI-negative;MB - VTA-SN;548;3819;5427.774548;29524.52239;106898.3792;"Snap25-IRES2-Cre/wt;Ai14(RCL-tdT)/wt"
170;L8TX_201001_01_B09;464758;aged;F;RFP-positive, DAPI-negative;PONS - Pmot-Psat post;542;4902;5688.690738;22613.68605;71407.27846;"Snap25-IRES2-Cre/wt;Ai14(RCL-tdT)/wt"
171;L8TX_201001_01_C07;463230;aged;M;No FACS;MB - VTA-SN;549;3273;3630.272533;12329.14268;137508.9169;Ai14(RCL-tdT)/wt
172;L8TX_201001_01_C08;464758;aged;F;Calcein-positive, Hoechst-positive;MB - PAG-RAmb;542;8620;3093.041067;7816.25348;54068.1993;"Snap25-IRES2-Cre/wt;Ai14(RCL-tdT)/wt"
173;L8TX_201001_01_C09;464758;aged;F;RFP-positive, DAPI-negative;MB - PAG-RAmb;542;3280;6541.669817;27865.21768;72404.37744;"Snap25-IRES2-Cre/wt;Ai14(RCL-tdT)/wt"
174;L8TX_201001_01_E07;464756;aged;F;Calcein-positive, Hoechst-positive;STR - sAMY;541;3793;3120.949908;8500.949117;28149.30293;Ai14(RCL-tdT)/wt
175;L8TX_201001_01_E08;463229;aged;M;RFP-positive, DAPI-negative;HIP - CA;548;4543;6745.290337;37435.53665;76590.73718;"Snap25-IRES2-Cre/wt;Ai14(RCL-tdT)/wt"
176;L8TX_201001_01_F07;464759;aged;F;Calcein-positive, Hoechst-positive;STR - sAMY;541;6421;3134.572341;8552.644292;66876.54789;"Snap25-IRES2-Cre/wt;Ai14(RCL-tdT)/wt"
177;L8TX_201001_01_G07;464759;aged;F;Calcein-positive, Hoechst-positive;HY -  MEZ-PVZ-PVR;541;7724;3056.086354;8646.387235;70343.64436;"Snap25-IRES2-Cre/wt;Ai14(RCL-tdT)/wt"
178;L8TX_201001_01_H07;463230;aged;M;No FACS;HIP - CA;549;6026;4832.086293;23188.14023;114361.5714;Ai14(RCL-tdT)/wt
179;L8TX_201001_01_H08;463229;aged;M;RFP-positive, DAPI-negative;HIP - CA;548;2854;7032.917309;44441.53644;110603.4096;"Snap25-IRES2-Cre/wt;Ai14(RCL-tdT)/wt"
180;L8TX_201002_01_D09;464759;aged;F;RFP-positive, Calcein-positive, Hoechst-positive;HY -  MEZ-PVZ-PVR;541;3630;6348.535813;26670.51736;86118.60083;"Snap25-IRES2-Cre/wt;Ai14(RCL-tdT)/wt"
181;L8TX_201002_01_E09;464751;aged;M;RFP-positive, DAPI-negative;HY -  MEZ-PVZ-PVR;542;4117;7085.155696;33371.74617;134141.2669;"Snap25-IRES2-Cre/wt;Ai14(RCL-tdT)/wt"
182;L8TX_201002_01_F09;464751;aged;M;RFP-positive, DAPI-negative;HY -  MEZ-PVZ-PVR;542;4791;7050.088499;32454.85869;116738.5629;"Snap25-IRES2-Cre/wt;Ai14(RCL-tdT)/wt"
183;L8TX_201002_01_G09;463230;aged;M;Calcein-positive, Hoechst-positive;HIP - CA;549;4315;5406.38934;27318.71472;136198.9393;Ai14(RCL-tdT)/wt
184;L8TX_201002_01_H09;464758;aged;F;Calcein-positive, Hoechst-positive;PONS - Pmot-Psat post;542;7078;3430.958604;9867.897005;88491.39814;"Snap25-IRES2-Cre/wt;Ai14(RCL-tdT)/wt"
185;L8TX_201008_01_A11;464755;aged;M;No FACS;MB - PAG-RAmb;549;6177;4117.782742;15159.0892;57872.21402;Ai14(RCL-tdT)/wt
186;L8TX_201008_01_A12;464325;aged;M;No FACS;HY -  MEZ-PVZ-PVR;551;9050;4605.334144;17548.22818;49403.93006;Ai14(RCL-tdT)/wt
187;L8TX_201008_01_B12;464753;aged;M;RFP-positive, DAPI-negative;PONS - Pmot-Psat post;548;4441;5896.2907;23674.43504;69325.47895;"Snap25-IRES2-Cre/wt;Ai14(RCL-tdT)/wt"
188;L8TX_201008_01_D10;464753;aged;M;RFP-positive, DAPI-negative;MB - PAG-RAmb;548;5955;6153.904114;24785.20924;60194.84803;"Snap25-IRES2-Cre/wt;Ai14(RCL-tdT)/wt"
189;L8TX_201008_01_E10;464753;aged;M;RFP-positive, DAPI-negative;MB - PAG-RAmb;548;6376;6179.101945;24801.18523;55947.21393;"Snap25-IRES2-Cre/wt;Ai14(RCL-tdT)/wt"
190;L8TX_201008_01_F10;546762;adult;F;Calcein-positive, Hoechst-positive;AI-CLA;55;4612;5546.114918;27726.78448;69668.17129;"Snap25-IRES2-Cre/wt;Ai14(RCL-tdT)/wt"
191;L8TX_201008_01_F11;464755;aged;M;Calcein-positive, Hoechst-positive;PONS - Pmot-Psat post;549;5765;4361.318474;16121.47493;90841.22533;Ai14(RCL-tdT)/wt
192;L8TX_201008_01_G11;464325;aged;M;No FACS;STR - sAMY;551;3201;3724.894408;11476.93408;49478.26585;Ai14(RCL-tdT)/wt
193;L8TX_201008_01_H11;464325;aged;M;Calcein-positive, Hoechst-positive;HY -  MEZ-PVZ-PVR;551;4750;4874.976;19126.47642;59667.46295;Ai14(RCL-tdT)/wt
194;L8TX_201009_01_A01;464755;aged;M;No FACS;PONS - Pmot-Psat post;549;3219;4132.080149;15353.73377;113141.8409;Ai14(RCL-tdT)/wt
195;L8TX_201009_01_B01;464755;aged;M;Calcein-positive, Hoechst-positive;MB - PAG-RAmb;549;7298;4385.728556;16406.11853;53523.36887;Ai14(RCL-tdT)/wt
196;L8TX_201009_01_C01;464325;aged;M;Calcein-positive, Hoechst-positive;STR - sAMY;551;3942;3134.814307;7840.459665;19767.45586;Ai14(RCL-tdT)/wt
197;L8TX_201015_01_A03;546799;adult;M;No FACS;AI-CLA;62;9767;4748.687622;20427.5322;59257.61483;"Snap25-IRES2-Cre/wt;Ai14(RCL-tdT)/wt"
198;L8TX_201015_01_E03;546799;adult;M;Hoechst-positive;PL-ILA-ORB;62;4580;5482.94607;28248.22227;104294.4507;"Snap25-IRES2-Cre/wt;Ai14(RCL-tdT)/wt"
199;L8TX_201015_01_F02;546799;adult;M;Hoechst-positive;AI-CLA;62;4477;5134.986822;25512.06143;76744.62989;"Snap25-IRES2-Cre/wt;Ai14(RCL-tdT)/wt"
200;L8TX_201015_01_H02;546799;adult;M;No FACS;PL-ILA-ORB;62;8385;5266.779368;25321.52749;78364.82528;"Snap25-IRES2-Cre/wt;Ai14(RCL-tdT)/wt"
201;L8TX_201016_01_B04;546892;adult;M;RFP-positive;HY - HYmm;61;20;3762.15;9036.45;32761.75;"Snap25-IRES2-Cre/wt;Ai14(RCL-tdT)/wt"
202;L8TX_201016_01_C04;546812;adult;M;No FACS;ACA;63;5153;5159.222007;25323.38871;119482.1516;"Snap25-IRES2-Cre/wt;Ai14(RCL-tdT)/wt"
203;L8TX_201016_01_E04;546895;adult;M;RFP-positive;HY - HYa2;62;1;5204;14821;51642;"Snap25-IRES2-Cre/wt;Ai14(RCL-tdT)/wt"
204;L8TX_201016_01_F04;546812;adult;M;Hoechst-positive;STR - STRv;63;3131;5164.683807;22684.52316;142003.5152;"Snap25-IRES2-Cre/wt;Ai14(RCL-tdT)/wt"
205;L8TX_201016_01_G04;546812;adult;M;Hoechst-positive;ACA;63;6210;5591.538164;29712.11353;96235.20386;"Snap25-IRES2-Cre/wt;Ai14(RCL-tdT)/wt"
206;L8TX_201022_01_A07;468792;aged;M;Calcein-positive, Hoechst-positive;ENT;545;7499;5022.764902;23758.03027;51226.68996;Ai14(RCL-tdT)/wt
207;L8TX_201022_01_C06;546813;adult;M;No FACS;ENT;69;10240;4937.00918;22271.44824;46957.35332;"Snap25-IRES2-Cre/wt;Ai14(RCL-tdT)/wt"
208;L8TX_201022_01_D06;547122;adult;M;RFP-positive;HY - HYpm;67;4;4111.75;10047.75;27727;"Snap25-IRES2-Cre/wt;Ai14(RCL-tdT)/wt"
209;L8TX_201022_01_D07;468791;aged;M;RFP-positive, Hoechst-positive;STR - STRd;545;372;4580.370968;18687.49731;39947.69086;"Snap25-IRES2-Cre/wt;Ai14(RCL-tdT)/wt"
210;L8TX_201022_01_E06;546813;adult;M;Hoechst-positive;RSP;69;6448;5662.21371;28295.25341;85490.2897;"Snap25-IRES2-Cre/wt;Ai14(RCL-tdT)/wt"
211;L8TX_201022_01_E07;468792;aged;M;Hoechst-positive;HY -  MEZ-PVZ-PVR;545;4726;4893.710114;19364.86902;50390.46445;Ai14(RCL-tdT)/wt
212;L8TX_201022_01_F06;546813;adult;M;No FACS;RSP;69;8525;5529.091026;26492.76;61038.44786;"Snap25-IRES2-Cre/wt;Ai14(RCL-tdT)/wt"
213;L8TX_201022_01_G06;546813;adult;M;Hoechst-positive;ENT;69;5957;5471.097868;28482.48346;69680.093;"Snap25-IRES2-Cre/wt;Ai14(RCL-tdT)/wt"
214;L8TX_201022_01_H07;468791;aged;M;Hoechst-positive;STR - sAMY;545;3753;3342.822808;8791.748734;41083.03091;"Snap25-IRES2-Cre/wt;Ai14(RCL-tdT)/wt"
215;L8TX_201023_01_A08;468791;aged;M;No FACS;STR - STRd;545;2829;3529.84977;10844.12973;57523.26334;"Snap25-IRES2-Cre/wt;Ai14(RCL-tdT)/wt"
216;L8TX_201023_01_B08;468791;aged;M;No FACS;STR - sAMY;545;3895;3385.610013;9773.728626;57882.14557;"Snap25-IRES2-Cre/wt;Ai14(RCL-tdT)/wt"
217;L8TX_201023_01_C08;468792;aged;M;No FACS;HY -  MEZ-PVZ-PVR;545;5411;4730.944373;18652.31029;73523.17132;Ai14(RCL-tdT)/wt
218;L8TX_201023_01_C09;468792;aged;M;No FACS;ENT;545;5851;5254.124252;26637.01914;88009.82294;Ai14(RCL-tdT)/wt
219;L8TX_201023_01_D08;468791;aged;M;RFP-positive, Hoechst-positive;STR - sAMY;545;545;4247.763303;13179.46055;35761.79633;"Snap25-IRES2-Cre/wt;Ai14(RCL-tdT)/wt"
220;L8TX_201023_01_F09;468792;aged;M;Calcein-positive, Hoechst-positive;HY -  MEZ-PVZ-PVR;545;6477;4630.120889;16627.78879;62883.15192;Ai14(RCL-tdT)/wt
221;L8TX_201023_01_H09;468791;aged;M;Hoechst-positive;STR - STRd;545;1339;3830.067961;11692.59895;59897.90067;"Snap25-IRES2-Cre/wt;Ai14(RCL-tdT)/wt"
222;L8TX_201029_01_A10;550850;adult;F;No FACS;PAR-POST-PRE-SUB-ProS;53;6664;5201.894508;24126.79667;69955.80627;Ai14(RCL-tdT)/wt
223;L8TX_201029_01_A11;548212;adult;F;Hoechst-positive;RSP;69;4340;5570.474885;27032.49194;114745.5906;"Snap25-IRES2-Cre/wt;Ai14(RCL-tdT)/wt"
224;L8TX_201029_01_B10;549928;adult;M;No FACS;PAR-POST-PRE-SUB-ProS;58;7246;5335.387386;25083.16506;75055.96702;Ai14(RCL-tdT)/wt
225;L8TX_201029_01_B11;548212;adult;F;Hoechst-positive;ENT;69;4652;4623.325451;20716.56599;78383.07502;"Snap25-IRES2-Cre/wt;Ai14(RCL-tdT)/wt"
226;L8TX_201029_01_C10;548212;adult;F;No FACS;ENT;69;5164;4605.21495;20266.72192;63611.30403;"Snap25-IRES2-Cre/wt;Ai14(RCL-tdT)/wt"
227;L8TX_201029_01_G10;549927;adult;M;No FACS;HY -  MEZ-PVZ-PVR;58;6658;5172.490388;21189.39652;75887.94293;"Snap25-IRES2-Cre/wt;Ai14(RCL-tdT)/wt"
228;L8TX_201029_01_H10;549928;adult;M;Hoechst-positive;PAR-POST-PRE-SUB-ProS;58;6225;5674.16739;28866.59454;71239.66731;Ai14(RCL-tdT)/wt
229;L8TX_201030_01_A12;548212;adult;F;No FACS;RSP;69;3829;5276.117002;24331.37686;117813.684;"Snap25-IRES2-Cre/wt;Ai14(RCL-tdT)/wt"
230;L8TX_201030_01_C12;550850;adult;F;Hoechst-positive;PAR-POST-PRE-SUB-ProS;53;4807;5363.435407;25088.58956;81867.08924;Ai14(RCL-tdT)/wt
231;L8TX_201030_01_F11;549927;adult;M;No FACS;ACA;58;6682;5103.86965;23079.35019;47971.79243;"Snap25-IRES2-Cre/wt;Ai14(RCL-tdT)/wt"
232;L8TX_201105_01_A02;550848;adult;M;No FACS;STR - STRd;59;3154;3509.233672;11234.73811;35734.60051;"Snap25-IRES2-Cre/wt;Ai14(RCL-tdT)/wt"
233;L8TX_201105_01_B02;551639;adult;M;No FACS;HY -  MEZ-PVZ-PVR;54;171;4476.502924;13143.74269;33807.05848;"Snap25-IRES2-Cre/wt;Ai14(RCL-tdT)/wt"
234;L8TX_201105_01_H01;551016;adult;M;No FACS;HIP - CA;59;7816;4560.123209;19952.39278;55575.09301;Ai14(RCL-tdT)/wt
235;L8TX_201105_01_H02;550848;adult;M;Hoechst-positive;STR - STRd;59;1991;3636.996484;11135.28528;28403.23506;"Snap25-IRES2-Cre/wt;Ai14(RCL-tdT)/wt"
236;L8TX_201106_01_C04;551016;adult;M;Hoechst-positive;MB - VTA-SN;59;6424;3613.087017;12696.54452;108062.4253;Ai14(RCL-tdT)/wt
237;L8TX_201106_01_D03;550848;adult;M;Hoechst-positive;CNU - PAL;59;5279;3238.89695;10328.65505;42353.0752;"Snap25-IRES2-Cre/wt;Ai14(RCL-tdT)/wt"
238;L8TX_201106_01_D04;550848;adult;M;No FACS;CNU - PAL;59;3360;4001.594345;14572.25714;103005.5122;"Snap25-IRES2-Cre/wt;Ai14(RCL-tdT)/wt"
239;L8TX_201106_01_E04;551016;adult;M;Hoechst-positive;HIP - CA;59;3782;5236.140666;26426.46695;138989.2919;Ai14(RCL-tdT)/wt
240;L8TX_201106_01_H12;551016;adult;M;No FACS;MB - VTA-SN;59;3387;3541.369944;11908.0992;98004.4039;Ai14(RCL-tdT)/wt
241;L8TX_201112_01_A05;551629;adult;F;No FACS;HIP - CA;61;5044;5182.675654;24693.84377;85912.25496;"Snap25-IRES2-Cre/wt;Ai14(RCL-tdT)/wt"
242;L8TX_201112_01_A06;551629;adult;F;Hoechst-positive;MB - VTA-SN;61;6044;3455.222204;10441.91082;66615.9904;"Snap25-IRES2-Cre/wt;Ai14(RCL-tdT)/wt"
243;L8TX_201112_01_E05;551629;adult;F;Hoechst-positive;HIP - CA;61;3156;4433.201204;17785.56527;75217.39924;"Snap25-IRES2-Cre/wt;Ai14(RCL-tdT)/wt"
244;L8TX_201112_01_G05;551628;adult;M;Hoechst-positive;MB - PAG-RAmb;62;8284;3886.415379;13694.58885;81062.96801;"Snap25-IRES2-Cre/wt;Ai14(RCL-tdT)/wt"
245;L8TX_201112_01_H04;551628;adult;M;No FACS;MB - PAG-RAmb;62;6654;4031.201984;14279.82041;56175.88428;"Snap25-IRES2-Cre/wt;Ai14(RCL-tdT)/wt"
246;L8TX_201112_01_H05;551629;adult;F;No FACS;MB - VTA-SN;61;6428;3732.756845;12762.46966;115265.8409;"Snap25-IRES2-Cre/wt;Ai14(RCL-tdT)/wt"
247;L8TX_201113_01_A07;550468;adult;F;Hoechst-positive;PONS - Pmot-Psat ant;69;3525;4128.764823;15201.8678;158567.5552;"Snap25-IRES2-Cre/wt;Ai14(RCL-tdT)/wt"
248;L8TX_201113_01_E06;551628;adult;M;Hoechst-positive;PONS - Pmot-Psat post;62;3366;4290.806595;16646.49436;195405.5966;"Snap25-IRES2-Cre/wt;Ai14(RCL-tdT)/wt"
249;L8TX_201113_01_F06;550468;adult;F;No FACS;PONS - Pmot-Psat ant;69;4733;3703.625819;12541.54701;111999.2227;"Snap25-IRES2-Cre/wt;Ai14(RCL-tdT)/wt"
250;L8TX_201113_01_G06;551628;adult;M;No FACS;PONS - Pmot-Psat post;62;1956;3971.715235;13722.48006;185181.887;"Snap25-IRES2-Cre/wt;Ai14(RCL-tdT)/wt"
251;L8TX_201119_01_A08;553676;adult;F;No FACS;PONS - Pmot-Psat post;54;4567;4481.684695;18081.79768;109814.2831;Ai14(RCL-tdT)/wt
252;L8TX_201119_01_A09;553672;adult;M;No FACS;PONS - Pmot-Psat ant;55;1411;4580.224663;19983.64422;345628.112;Ai14(RCL-tdT)/wt
253;L8TX_201119_01_D08;553676;adult;F;Hoechst-positive;PONS - Pmot-Psat post;54;5684;4190.015834;16005.6221;71113.75493;Ai14(RCL-tdT)/wt
254;L8TX_201119_01_E08;553672;adult;M;Hoechst-positive;PONS - Pmot-Psat ant;55;2549;4185.46175;16834.88231;166904.4009;Ai14(RCL-tdT)/wt
255;L8TX_201120_01_B10;553676;adult;F;Hoechst-positive;MB - PAG-RAmb;54;7365;4561.737135;18596.35166;56539.45838;Ai14(RCL-tdT)/wt
256;L8TX_201120_01_C10;553672;adult;M;No FACS;STR - STRv;55;3992;5777.50476;27672.31012;114494.1884;Ai14(RCL-tdT)/wt
257;L8TX_201120_01_F09;553676;adult;F;No FACS;MB - PAG-RAmb;54;7096;4850.541995;20725.30693;70941.28129;Ai14(RCL-tdT)/wt
258;L8TX_201120_01_G09;553679;adult;M;No FACS;HIP;59;4359;5100.807295;22112.69511;107639.8465;"Snap25-IRES2-Cre/wt;Ai14(RCL-tdT)/wt"
259;L8TX_201204_01_H01;554815;adult;F;No FACS;HIP;54;7972;5078.612895;22020.3225;70666.18377;"Snap25-IRES2-Cre/wt;Ai14(RCL-tdT)/wt"
260;L8TX_201217_01_F06;556848;adult;M;No FACS;HY LZ;60;53;5243.811321;18505.01887;60256.39623;Ai14(RCL-tdT)/wt
261;L8TX_210304_01_F01;566076;adult;F;RFP-positive, DAPI-negative;HY - HYm2;60;10;3988.5;10361.5;23242.2;"Snap25-IRES2-Cre/wt;Ai14(RCL-tdT)/wt"
262;L8TX_210325_01_H07;568464;adult;F;No FACS;HY LZ;68;36;4110.416667;10623.69444;22452.41667;"Snap25-IRES2-Cre/wt;Ai14(RCL-tdT)/wt"
263;L8TX_210408_01_C10;499307;aged;M;RFP-positive, Hoechst-positive;ENT;543;747;6765.321285;43396.74699;149760.826;"Snap25-IRES2-Cre/wt;Ai14(RCL-tdT)/wt"
264;L8TX_210408_01_H10;499307;aged;M;RFP-positive, Hoechst-positive;RSP;543;1226;5989.890701;29296.56199;192344.6697;"Snap25-IRES2-Cre/wt;Ai14(RCL-tdT)/wt"
265;L8TX_210624_01_H03;512026;aged;F;RFP-positive, Hoechst-positive;MB - PAG-RAmb;544;2397;6422.614935;27010.87568;65556.75219;"Snap25-IRES2-Cre/wt;Ai14(RCL-tdT)/wt"
266;L8TX_210701_01_A05;511457;aged;M;RFP-positive, Hoechst-positive;ACA;545;4653;6840.477112;33385.4423;55379.47152;"Snap25-IRES2-Cre/wt;Ai14(RCL-tdT)/wt"
267;L8TX_210701_01_C06;511895;aged;M;RFP-positive, Hoechst-positive;PONS - Pmot-Psat post;543;3567;5558.013457;19557.33642;68546.15335;"Snap25-IRES2-Cre/wt;Ai14(RCL-tdT)/wt"
268;L8TX_210701_01_C07;511895;aged;M;RFP-positive, Hoechst-positive;MB - VTA-SN;543;2356;4653.549236;17513.42869;54584.87394;"Snap25-IRES2-Cre/wt;Ai14(RCL-tdT)/wt"
269;L8TX_210701_01_E06;511460;aged;F;RFP-positive, Hoechst-positive;PONS - Pmot-Psat ant;544;2309;6012.012993;27365.10221;86041.08922;"Snap25-IRES2-Cre/wt;Ai14(RCL-tdT)/wt"
270;L8TX_210701_01_F07;512026;aged;F;RFP-positive, Hoechst-positive;MB - VTA-SN;544;1757;4824.047809;21010.43711;75370.69152;"Snap25-IRES2-Cre/wt;Ai14(RCL-tdT)/wt"
271;L8TX_210701_01_G04;511457;aged;M;RFP-positive, Hoechst-positive;AI-CLA;545;4521;7454.844061;42445.53108;90605.08516;"Snap25-IRES2-Cre/wt;Ai14(RCL-tdT)/wt"
272;L8TX_210701_01_H04;511460;aged;F;RFP-positive, Hoechst-positive;PAR-POST-PRE-SUB-ProS;544;3808;6682.659926;31399.03939;63428.76339;"Snap25-IRES2-Cre/wt;Ai14(RCL-tdT)/wt"
273;L8TX_210708_01_C08;513431;aged;M;RFP-positive, Hoechst-positive;PL-ILA-ORB;540;7511;6843.166023;33603.5898;98286.58048;"Snap25-IRES2-Cre/wt;Ai14(RCL-tdT)/wt"
274;L8TX_210708_01_F08;512279;aged;M;RFP-positive, Hoechst-positive;STR - sAMY;546;108;4809.851852;15698.87963;29203.63889;"Snap25-IRES2-Cre/wt;Ai14(RCL-tdT)/wt"
275;L8TX_210708_01_G08;512279;aged;M;RFP-positive, Hoechst-positive;STR - STRv;546;1251;6323.019185;27294.63149;66985.49161;"Snap25-IRES2-Cre/wt;Ai14(RCL-tdT)/wt"
276;L8TX_210805_01_F01;592557;aged;M;No FACS;HIP;548;4469;3995.139405;13590.14254;88967.38443;wt/wt
277;L8TX_210805_01_H01;592558;aged;F;No FACS;HIP;548;5945;5332.193944;23251.83431;95580.94449;wt/wt
278;L8TX_211216_01_D01;604611;adult;F;RFP-positive, DAPI-negative;MB - PAG-RAmb;64;5096;6396.446036;28010.62108;86799.93995;"Snap25-IRES2-Cre/wt;Ai14(RCL-tdT)/wt"
279;L8TX_211216_01_D04;604611;adult;F;RFP-positive, DAPI-negative;MB - VTA-SN;64;2566;4926.279813;22507.79618;80445.04754;"Snap25-IRES2-Cre/wt;Ai14(RCL-tdT)/wt"
280;L8TX_220106_03_B10;606115;adult;M;RFP-positive, DAPI-negative;MB - VTA-SN;61;1292;5044.667957;24989.76006;157474.106;"Snap25-IRES2-Cre/wt;Ai14(RCL-tdT)/wt"
281;L8TX_220106_03_F09;606115;adult;M;RFP-positive, DAPI-negative;MB - PAG-RAmb;61;3730;6443.068365;28917.48525;111798.6853;"Snap25-IRES2-Cre/wt;Ai14(RCL-tdT)/wt"
282;L8TX_220120_01_A02;608855;adult;M;RFP-positive, DAPI-negative;PONS - Pmot-Psat post;69;4429;5120.975389;19625.59088;63729.60081;"Snap25-IRES2-Cre/wt;Ai14(RCL-tdT)/wt"
283;L8TX_220120_01_D02;608855;adult;M;RFP-positive, DAPI-negative;PONS - Pmot-Psat ant;69;3549;4938.46971;20715.98281;104824.0428;"Snap25-IRES2-Cre/wt;Ai14(RCL-tdT)/wt"
284;L8TX_220331_01_D05;618176;adult;M;RFP-positive, DAPI-negative;HY -  MEZ-PVZ-PVR;65;2661;6675.270199;30272.2345;157822.655;"Snap25-IRES2-Cre/wt;Ai14(RCL-tdT)/wt"
285;L8TX_220407_01_D06;619870;adult;F;RFP-positive, DAPI-negative;AI-CLA;60;4652;6512.775795;31405.85856;76017.30482;"Snap25-IRES2-Cre/wt;Ai14(RCL-tdT)/wt"
286;L8TX_220407_01_E06;619870;adult;F;RFP-positive, DAPI-negative;HY -  MEZ-PVZ-PVR;60;5813;6318.531567;27216.85257;110125.8682;"Snap25-IRES2-Cre/wt;Ai14(RCL-tdT)/wt"
287;L8TX_220421_01_G07;621471;adult;F;RFP-positive, DAPI-negative;PL-ILA-ORB;66;4314;7239.773992;38664.36486;90084.88201;"Snap25-IRES2-Cre/wt;Ai14(RCL-tdT)/wt"
